plant,method,n,rmse_ppm,mae_ppm
분당,XGBoost,136,1.1998661554193182,0.8384767866017894
분당,LightGBM,136,1.2176473102132823,0.8571522363161632
분당,Period-selected ensemble,136,1.2225158440207209,0.8661412770219448
분당,Training unit mean,136,3.5405131331337403,2.7573569688040833
분당,Previous 3-month mean,136,1.9527028844744116,1.4860608283636034
분당,Last month,136,1.8573862998676653,1.3868575927682902
분당,Training global median,136,4.817387945466133,4.427563827403412
분당,Candidate: no-weather log LightGBM (5-seed mean),136,1.1608634964951206,0.8314674841589642
삼천포,XGBoost,72,32.56126199520175,14.997834991095317
삼천포,LightGBM,72,33.494548188297294,16.12091090812539
삼천포,Period-selected ensemble,72,32.63801345741588,15.695021320974329
삼천포,Training unit mean,72,34.49440263620185,18.654632278095125
삼천포,Previous 3-month mean,72,36.76356666249015,20.790888113728165
삼천포,Last month,72,42.50148318617166,22.101281276668374
삼천포,Training global median,72,47.88202229344,29.616472726714278
삼천포,Candidate: no-weather log LightGBM (5-seed mean),72,28.982023352382882,14.944250786988274
여수,XGBoost,18,11.437344531180017,6.877967404699872
여수,LightGBM,18,14.12801862518378,8.912696762166268
여수,Period-selected ensemble,18,12.041848210491072,8.11069133937894
여수,Training unit mean,18,3.659743114014757,2.6695137193556886
여수,Previous 3-month mean,18,4.065889089239224,3.0508034647550786
여수,Last month,18,4.679176032513751,3.3609524662911756
여수,Training global median,18,12.819010283086754,12.35614267322304
여수,Candidate: no-weather log LightGBM (5-seed mean),18,15.897406931994382,8.76337874313666
영동,XGBoost,36,61.52510246682947,29.08397145926091
영동,LightGBM,36,58.01103992860897,26.185327351882805
영동,Period-selected ensemble,36,60.059256441289286,28.064162305606494
영동,Training unit mean,36,65.59108849968158,35.75645336073411
영동,Previous 3-month mean,36,84.91662883399047,49.098036496557995
영동,Last month,36,93.26412506488384,48.37527760710017
영동,Training global median,36,83.13224040540592,44.080996300268964
영동,Candidate: no-weather log LightGBM (5-seed mean),36,57.26105944676748,25.575975012149673
영흥,XGBoost,108,1.9349126703362363,1.1740552379901767
영흥,LightGBM,108,1.9346967027959718,1.1722249286471675
영흥,Period-selected ensemble,108,1.9441724743553355,1.1463772753047925
영흥,Training unit mean,108,3.470858941100897,2.4152483101515347
영흥,Previous 3-month mean,108,3.176128107385699,1.71695373640056
영흥,Last month,108,2.3859217642052273,1.4037512423170564
영흥,Training global median,108,4.834196061639204,4.189223474348336
영흥,Candidate: no-weather log LightGBM (5-seed mean),108,1.9350534102234476,1.2024070176497228
